names,scores,logfoldchanges,pvals,pvals_adj
Cebpd(+),29.314266,2.636666,6.824110016156425e-189,1.0713852725365585e-186
Jund(+),28.431025,0.6966795,8.364882191125685e-178,6.566432520033663e-176
Junb(+),27.267511,1.1268437,1.0304203471951505e-163,4.0443998627409653e-162
Fosb(+),26.718578,1.2705781,2.8636373997380623e-157,8.991821435177515e-156
Jun(+),26.297634,1.7832583,2.0409553003732174e-152,5.3404997026432526e-151
Egr1(+),25.893581,0.7764629,7.866042308173646e-148,1.764240917690375e-146
Atf3(+),25.695847,0.9980492,1.3007615480483088e-145,2.552744538044806e-144
Egr2(+),25.38011,1.3299277,4.181925360698978e-142,7.295136462552661e-141
Klf9(+),24.289484,0.70577973,2.532017813968001e-130,3.613879970845238e-129
Mafb(+),24.07688,1.0067433,4.3668786860905166e-128,5.713332947635093e-127
Nfia(+),23.642414,0.8070737,1.4126680547653514e-123,1.7060683430627707e-122
Nfkb1(+),21.23526,0.76300865,4.5119757728733047e-100,4.722534642274059e-99
Irf1(+),20.834347,0.8464357,2.1137705962092936e-96,2.0741373975303693e-95
Gabpa(+),19.714039,0.5493853,1.6339312207493374e-86,1.5089835391626234e-85
Hinfp(+),18.969896,0.6820902,3.0250326777095458e-80,2.6385007244466592e-79
Klf6(+),18.595524,0.3677451,3.492784630912079e-77,2.886143089753666e-76
Fos(+),17.516514,0.7794066,1.0719714453202038e-68,8.4149758457636e-68
Rel(+),16.85895,0.61800015,9.01763021470424e-64,6.741752112897932e-63
Foxp2(+),16.197683,0.8563348,5.236219116969489e-59,3.7367563698373174e-58
Irf7(+),16.084229,0.7716863,3.291294450937713e-58,2.2466662121618305e-57
Elk1(+),12.837093,0.49577385,1.0161805863908878e-37,6.381614082534776e-37
Pbx1(+),12.386636,0.80068743,3.087244231345043e-35,1.7951753493376732e-34
Fosl1(+),11.058212,0.82745343,2.0004584797807096e-28,1.1216856475913265e-27
Max(+),10.4148445,0.52371657,2.1214292339200467e-25,1.1484978956049909e-24
Tfe3(+),9.915178,0.8338758,3.5761858447594587e-23,1.87153725875745e-22
Nfyb(+),9.106957,0.83891445,8.472461295689786e-20,4.2908916884622465e-19
Irf9(+),8.626929,1.6423115,6.302115207561324e-18,3.091975273709774e-17
Foxp1(+),8.353221,0.30240372,6.642645482927012e-17,3.160288911574366e-16
Prdm16(+),8.221865,1.4180983,2.0036253714491983e-16,8.987690951929262e-16
Tcf4(+),8.129619,0.81023574,4.306423424398606e-16,1.878079104529392e-15
Foxo1(+),7.91348,0.1628676,2.502922609465592e-15,1.062050945097562e-14
E2f1(+),7.906578,0.74031585,2.645599881542086e-15,1.0930504773739672e-14
Wt1(+),7.166196,0.40776777,7.711049356990758e-13,3.1041916642244846e-12
Mecp2(+),7.1321363,0.7846232,9.882281456210362e-13,3.878795471562567e-12
Fli1(+),6.133139,1.0495634,8.616174583292789e-10,3.299364413602361e-09
Hoxd9(+),6.086848,1.0699581,1.1515544291732066e-09,4.304620128099844e-09
Stat1(+),5.773805,0.1242479,7.750098876573633e-09,2.82968726423735e-08
Tbp(+),5.6676435,1.7658795,1.447747202842315e-08,5.165825246505533e-08
Mga(+),5.580952,0.6003,2.3920518895893657e-08,8.345603259234009e-08
Nfatc3(+),5.208713,1.1040293,1.901549367390109e-07,6.490070666961894e-07
Foxs1(+),5.1026635,1.5010909,3.349060943557814e-07,1.1187288683799507e-06
Pura(+),5.0094075,0.8643859,5.459790585352309e-07,1.7858065039589845e-06
Zfp369(+),4.955148,1.1013683,7.227519571925474e-07,2.3157562710046928e-06
Smad1(+),4.8795667,0.20936707,1.0631907793463723e-06,3.338419047147609e-06
Rest(+),4.832097,0.15355001,1.35102337116861e-06,4.159032730852388e-06
Maff(+),4.5279765,0.72460824,5.955124664236984e-06,1.7979895620869357e-05
Hoxd8(+),4.523768,1.4323862,6.074830323042091e-06,1.7995252089011476e-05
Mybl1(+),4.429726,0.25071335,9.43527735722357e-06,2.7432195279335197e-05
Gata6(+),4.2564,1.6699927,2.0774499871080958e-05,5.9301754177449285e-05
Tfap2a(+),4.1804256,2.16584,2.9096373367170484e-05,8.157376104724583e-05
Mafa(+),4.102993,1.058328,4.078398551834474e-05,0.00011233483730491446
Egr3(+),4.0384655,0.23064308,5.38020302406729e-05,0.00014563653013423527
Irf3(+),4.034145,0.9910118,5.480150582571845e-05,0.00014582773584131858
Zfx(+),3.966307,1.0285902,7.299487728247176e-05,0.00019100326222246778
Gm14326(+),3.7528613,0.77145,0.0001748276523057408,0.0004427087324516339
Zfp691(+),3.7196436,1.3519915,0.0001995040926720508,0.0004971768658652695
Pitx1(+),3.6248724,0.5827052,0.0002891041618346729,0.0007092086470006819
Srebf1(+),3.4448128,0.8988296,0.0005714551906954504,0.0013802840759874725
Klf4(+),3.4003167,0.053485293,0.0006730781688914939,0.0016011101896358263
Nr2c2(+),3.3383706,1.0787904,0.0008427131522525792,0.0019747158940844017
Atf6b(+),3.0797555,1.0136105,0.0020717052151433026,0.004713879982282587
Deaf1(+),2.99486,1.0641156,0.002745709237620864,0.006158233575806795
Tead1(+),2.9820106,0.31184682,0.002863621605714967,0.006332233691510561
Hoxd10(+),2.963999,1.1660764,0.0030366933410884527,0.0066216785354289865
Xbp1(+),2.9332502,0.047139667,0.003354334588683561,0.00721411685511396
Spi1(+),2.7442129,0.75827366,0.006065620699732999,0.0128689520251092
Sp1(+),2.6049457,1.0921922,0.009188882607562886,0.01923539425849831
Prox1(+),2.4143372,1.6015054,0.015763867457871457,0.03256483145902393
Emx2(+),2.3973355,0.22329152,0.016514790963534712,0.03367301534123311
Zfp287(+),2.2448263,2.1887655,0.024779284398061988,0.049876251929432465
Elk3(+),-3.2471902,-0.21463695,0.0011655041512865978,0.002690943408117586
Zbtb7a(+),-3.895439,-0.099511124,9.802108665214297e-05,0.0002522837803997778
Glis1(+),-8.243187,-0.6767691,1.6768292725838833e-16,7.743005758696167e-16
Phtf1(+),-12.651198,-0.20248565,1.1018100310678947e-36,6.653237495294595e-36
Ebf1(+),-13.964809,-0.49847972,2.555882863199094e-44,1.6719733730094075e-43
Mxd4(+),-23.16811,-0.3095096,9.55020607469214e-119,1.0709873955190473e-117
Klf3(+),-24.848461,-0.60016364,2.6868766621066134e-136,4.218396359507383e-135
Cux1(+),-27.987133,-0.91922593,2.330392626952839e-172,1.2195721414386525e-170
