names,selection_freq,mean_score
Atf3(+),1.0,-21.218248271942137
Cebpd(+),1.0,-24.179847011566164
Ebf1(+),1.0,11.502420344352721
Egr1(+),1.0,-21.36529682159424
Cux1(+),1.0,23.086151990890503
E2f1(+),1.0,-6.537979266643524
Egr2(+),1.0,-20.976847429275512
Elk1(+),1.0,-10.563348712921142
Mga(+),1.0,-4.6026883745193485
Max(+),1.0,-8.598403770923614
Maff(+),1.0,-3.745337656736374
Mafb(+),1.0,-19.871878805160524
Mafa(+),1.0,-3.4247195184230805
Nfatc3(+),1.0,-4.307600736618042
Mxd4(+),1.0,19.10572564125061
Hoxd9(+),1.0,-5.025813230276108
Hinfp(+),1.0,-15.641295890808106
Glis1(+),1.0,6.834185137748718
Hoxd8(+),1.0,-3.735906445980072
Gata6(+),1.0,-3.5413459277153017
Gabpa(+),1.0,-16.22340672969818
Foxo1(+),1.0,-6.55086688041687
Foxp1(+),1.0,-6.890728268623352
Foxp2(+),1.0,-13.293377785682678
Foxs1(+),1.0,-4.202020971775055
Fosl1(+),1.0,-9.08373152732849
Fosb(+),1.0,-22.05396717071533
Fos(+),1.0,-14.476423659324645
Fli1(+),1.0,-5.017706717252731
Rel(+),1.0,-13.915103063583373
Tcf4(+),1.0,-6.685136461257935
Tfe3(+),1.0,-8.160168755054475
Wt1(+),1.0,-5.935583536624908
Zfp369(+),1.0,-4.1476281177997585
Tfap2a(+),1.0,-3.4481029510498047
Stat1(+),1.0,-4.803104170560837
Tbp(+),1.0,-4.629863704442978
Phtf1(+),1.0,10.403356919288635
Rest(+),1.0,-3.98281307220459
Pura(+),1.0,-4.174938313961029
Prdm16(+),1.0,-6.747437744140625
Nfyb(+),1.0,-7.500965983867645
Pbx1(+),1.0,-10.211228466033935
Nfkb1(+),1.0,-17.529770140647887
Irf1(+),1.0,-17.20511278629303
Klf3(+),1.0,20.52807318687439
Klf6(+),1.0,-15.384296655654907
Jund(+),1.0,-23.49011540412903
Junb(+),1.0,-22.520070819854737
Irf9(+),1.0,-7.048898866176605
Mecp2(+),1.0,-5.877127845287323
Nfia(+),1.0,-19.50776686668396
Klf9(+),1.0,-20.050648012161254
Irf7(+),1.0,-13.209824862480163
Jun(+),1.0,-21.717749300003053
Smad1(+),0.995,-3.9970643508434294
Irf3(+),0.995,-3.2896038955450058
Mybl1(+),0.995,-3.6377884459495546
Zfx(+),0.99,-3.279573931694031
Zfp691(+),0.97,-3.0891005408763887
Egr3(+),0.965,-3.3199046474695204
Gm14326(+),0.95,-3.0840331608057023
Zbtb7a(+),0.95,3.2285544365644454
Pitx1(+),0.935,-2.9573467671871185
Srebf1(+),0.885,-2.879550676345825
Nr2c2(+),0.885,-2.7367969167232515
Klf4(+),0.805,-2.7948366129398345
Elk3(+),0.76,2.657852512598038
Deaf1(+),0.71,-2.4706911385059356
Hoxd10(+),0.705,-2.460569799542427
Atf6b(+),0.695,-2.562153818011284
Tead1(+),0.66,-2.4826470842957495
Xbp1(+),0.62,-2.429974456727505
Spi1(+),0.39,-2.2096770083904267
Sp1(+),0.385,-2.1915596944093703
Emx2(+),0.265,-1.9686921462416649
Prox1(+),0.225,-1.9904492861032486
Creb1(+),0.205,-1.8159077879786492
Bach2(+),0.115,-1.8260412639379502
Zfp287(+),0.105,-1.867059565782547
Atf6(+),0.07,-1.5526679794862865
Rbpjl(+),0.055,-1.64896288305521
Nr1h2(+),0.05,1.3713785006850958
Mzf1(+),0.05,-1.7880404010415076
Zfp672(+),0.05,-1.7725417536497117
AW146154(+),0.035,-1.6738972052931786
Stat6(+),0.03,-1.509333260655403
Gm14305(+),0.02,-1.6995529663562774
Hoxa13(+),0.015,-1.6059003874659539
Zfp110(+),0.01,-1.0944292962457984
Meis2(+),0.01,-1.5236816820502281
Dbp(+),0.01,-1.6189145424962044
Crem(+),0.005,-0.8998010387644172
Foxc1(+),0.005,-1.5121231976151466
Elf4(+),0.005,0.7397063617478125
Etv4(+),0.0,-0.42235486770048736
Dmrta2(+),0.0,-0.16715322058647872
Ascl2(+),0.0,-0.16887344580783975
Arid3a(+),0.0,-1.1491735997796058
Bcl6b(+),0.0,0.5917753010988236
Creb3(+),0.0,0.6363995604217052
Aebp2(+),0.0,-0.27663608908143944
Ets1(+),0.0,-1.1006053587794304
Erg(+),0.0,-0.8441723296046257
Mlx(+),0.0,-0.1341749990475364
Lhx2(+),0.0,-0.3846798973546538
Lhx6(+),0.0,-0.3725028508086689
Mterf1a(+),0.0,-0.9715769788622857
Mafg(+),0.0,-0.5874964781850577
Hes7(+),0.0,-0.021038249619305133
Gata3(+),0.0,0.4839538814872503
Foxc2(+),0.0,-0.9474388735275716
Gbx2(+),0.0,-1.5686465159058571
Etv5(+),0.0,-0.34634226506052074
Foxj1(+),0.0,0.27573124424554407
Lmx1b(+),0.0,-0.06726386723923497
Ltf(+),0.0,-0.47743977582082153
Ikzf1(+),0.0,-0.17032336827367545
Gsc(+),0.0,-0.011592987997137243
Gmeb2(+),0.0,-0.44473504899069666
Gm4631(+),0.0,-0.9135871177911759
Gm15446(+),0.0,0.254072513343126
Hoxa6(+),0.0,-0.8211735875159502
Hoxb2(+),0.0,0.03384089068043977
Hoxd11(+),0.0,-1.229147452712059
Mybl2(+),0.0,-0.5385352398036047
Sp4(+),0.0,-0.825118218511343
Rxra(+),0.0,-0.3292627067689318
Sox17(+),0.0,-0.643475359454751
Sp2(+),0.0,-1.1585747689008712
Runx3(+),0.0,-0.36661242172122
Prdm5(+),0.0,-0.7727114220988005
Rarg(+),0.0,-0.06693413654065808
Pax9(+),0.0,-0.2852736384578748
Pou3f1(+),0.0,-1.4873991146683694
Nr2f1(+),0.0,-1.1975437514483929
Onecut2(+),0.0,-0.42410065710544587
Rfx5(+),0.0,-0.10304160875442904
Tfap4(+),0.0,-0.17425010751729134
Tcf7(+),0.0,-0.39246372535126284
Tbr1(+),0.0,-0.9124030247330666
Zbtb7b(+),0.0,-0.9441792626678943
Zbtb2(+),0.0,-0.041498831724165935
Tlx2(+),0.0,1.4942103642225266
Thrb(+),0.0,-1.000013090223074
Tcf7l1(+),0.0,-1.079694916009903
Zfp426(+),0.0,-1.2885514503717423
Zfp2(+),0.0,-0.689777018725872
Zfp119a(+),0.0,-1.1165679237246513
Zfp646(+),0.0,-0.3433088678261265
Zfp623(+),0.0,-0.47691897604614497
Zfp560(+),0.0,-0.9425299729034304
Zfp868(+),0.0,-0.8099154436588287
Zfp960(+),0.0,-0.35900688081979754
Zfp968(+),0.0,-0.38600968618673503
Zfp973(+),0.0,0.0
Zscan2(+),0.0,-0.7464818260073662
